-- ============================================================
-- Uvira Lab CH — Données réelles 2026-05-21
-- ============================================================

delete from inventory_session_entries;
delete from inventory_sessions;
delete from stock_counts;
delete from deliveries;
delete from item_sources;
delete from item_types;

-- Item types
insert into item_types (id, name, category, unit, min_threshold) values
  ('a6d9b05d-d575-4753-86c9-092f4aad2561', 'Cryotubes (culture)', 'Surveillance clinique', 'pièces', 1000.0),
  ('2ff02a66-f0af-4a3e-963e-9ac84c1d1e9d', 'Cryobox', 'Surveillance clinique', 'pièces', 20.0),
  ('ff4083d4-5261-4c5d-a1d1-cea84fe8a676', 'Papier filtres (discs)', 'Surveillance clinique', 'pièces', 1000.0),
  ('183b4384-0d26-485d-a48e-e5eccfc36fba', 'Pipettes pasteur', 'Surveillance clinique', 'pièces', 500.0),
  ('633cad5c-aee0-4007-9a06-9c5438fe04b5', 'TDRs Crystal VC', 'Surveillance clinique', 'boîtes', 50.0),
  ('c789b102-2f50-4cfd-ad82-c85cf4593ce2', 'Écouvillons rectaux', 'Surveillance clinique', 'pièces', 300.0),
  ('0f0c8e3d-b794-4e39-8122-cea536a5d02f', 'Whatman 903 card', 'Surveillance clinique', 'pièces', 500.0),
  ('dcb13c4e-e749-43ef-a41c-9e21b34e9ec5', 'FTA Card', 'Surveillance clinique', 'pièces', 100.0),
  ('ab2b68a2-7d48-4d38-813e-e05fe08c68e1', 'Sachets emballages petit format', 'Surveillance clinique', 'pièces', 100.0),
  ('4fcc64d4-ac16-493c-82fc-c4e3ac576957', 'Sachets emballages grand format', 'Surveillance clinique', 'pièces', 0),
  ('e5068f05-85c4-4143-ac85-6de96df52a31', 'Barres de savons', 'Surveillance clinique', 'pièces', 100.0),
  ('6512a618-bf8e-4a95-a2f0-b2a228fdbc6c', 'Désicants', 'Surveillance clinique', 'pièces', 200.0),
  ('a7634eef-e3a4-4960-a70b-d2c375302aab', 'Désinfectant (surfaces)', 'Surveillance clinique', 'bouteilles', 12.0),
  ('a8af33df-e044-4899-92d2-3add955c6168', 'Seaux pour collecte de selles', 'Surveillance clinique', 'pièces', 200.0),
  ('d4e16a12-add1-4181-aa8a-ba4183a29661', 'Bocaux de prélèvement de selles', 'Surveillance clinique', 'pièces', 300.0),
  ('46c07995-7900-44a3-8a5d-ff0cc70bbe2a', 'APW (aliquotes 5 mL)', 'Milieux et chimique', 'flacons', 300.0),
  ('8702322a-f37a-4dab-8a24-666da7f23f4d', 'APW poudre', 'Milieux et chimique', 'boîtes', 2.0),
  ('37043ece-038c-4633-bf23-794fa17b4607', 'Agar poudre', 'Milieux et chimique', 'boîtes', 1.0),
  ('c3e3ecda-c554-47b1-8e66-680eae5880f5', 'TCBS poudre', 'Milieux et chimique', 'boîtes', 2.0),
  ('1486dc69-fdbe-40e5-89b0-9a246ce96c59', 'TSB poudre', 'Milieux et chimique', 'boîtes', 2.0),
  ('96996553-f737-4f3a-b48e-eec319de5dd5', 'Brilliance E.Coli', 'Milieux et chimique', 'boîtes', 1.0),
  ('111ed52c-1f67-4660-a374-ca54a8eb146e', 'Mueller Hinton Agar', 'Milieux et chimique', 'boîtes', 1.0),
  ('9b8d139f-80f6-4a35-9032-006610a4fe86', 'M-coliBlue', 'Milieux et chimique', 'pièces', 0.0),
  ('eaaa6e7f-4976-4895-aa96-d3054206c512', 'Ruban indicateur d''autoclave', 'Milieux et chimique', 'rouleaux', 2.0),
  ('92c5b42a-c274-4f07-ad87-459cc10e10a6', 'Granules de chlore', 'Milieux et chimique', 'kg', 1.0),
  ('ab1b87f5-93da-466c-99f0-5c80adc8116a', 'Éthanol >95% (surgical spirit)', 'Milieux et chimique', 'litres', 2.0),
  ('ad4b072d-3708-4160-994e-dd255c08893e', 'Thiosulfate de sodium', 'Milieux et chimique', 'flacons', 1.0),
  ('f05bab69-5c4b-499a-9d93-fa522d1e7765', 'Compact Dry E.C.', 'Culture', 'disques', 0.0),
  ('aa29c096-1bbc-49e5-9f84-552528d3c668', 'Boîtes de Petri en verre', 'Culture', 'pièces', 100.0),
  ('87ac7fab-93bf-465f-abba-da8d39a1e20c', 'Boîtes de Petri plastique (grand format)', 'Culture', 'pièces', 300.0),
  ('16f46281-10fc-4326-a5d1-fa4a511a52a1', 'Boîtes de Petri plastique (double compartements)', 'Culture', 'pièces', 50.0),
  ('37e99c2b-1419-46e9-bb17-14ee055d7380', 'Anses d''inoculation en plastique', 'Culture', 'pièces', 2000.0),
  ('d3022edc-3c68-4638-a111-0e0e3723a157', 'Sacs Biohazard petit', 'Culture', 'pièces', 50.0),
  ('c3125884-11cd-44c5-9c6a-7936eeaa0f0f', 'Sacs biohazard grand', 'Culture', 'pièces', 20.0),
  ('e380f671-0332-4b71-b73f-5edb7b6677df', 'Sachets autoclave auto-adhésif (grand)', 'Culture', 'pièces', 50.0),
  ('72105814-4fae-4cd0-b2b7-6546b733ec6b', 'Sachets autoclave auto-adhésif (petit)', 'Culture', 'pièces', 50.0),
  ('9552297f-fafc-4066-b9d8-48a4f774e005', 'Allumettes (pour Bec Bunsen)', 'Culture', 'cartons', 1.0),
  ('214d0882-73df-409c-abe2-c325908aafc3', 'Pièges à mouches', 'Culture', 'pièces', 200.0),
  ('8fc9137a-54b3-46b1-8e02-885f9e37bf91', 'Flacons universal 30 mL (couvercle blanc)', 'Consomables', 'pièces', 75.0),
  ('cac5318c-cd78-41ae-9afc-5d11476f8f1f', 'Rouleaux d''essuie-tout', 'Consomables', 'rouleaux', 10.0),
  ('059322fa-6619-4b44-90e6-1c9d541578f3', 'Stripettes 25 mL (pipettes sérologiques)', 'Consomables', 'pièces', 150.0),
  ('7ebbf7c8-9559-4dca-99b1-11eb0d8a1e5a', 'Sachets pour stérilisation (grand format)', 'Consomables', 'pièces', 50.0),
  ('35c20964-eb9a-41b7-a6f2-a91611899d3b', 'Sachets pour stérilisation (petit format)', 'Consomables', 'pièces', 50.0),
  ('bee069f6-0e70-4ea3-a74b-4f5f6132999e', 'Embouts filtres 200 µL', 'Consomables', 'boîtes', 6.0),
  ('8672358b-e650-4bca-92ec-a8346e532355', 'Embouts filtres 1000 µL', 'Consomables', 'boîtes', 6.0),
  ('257e9fec-69d4-4ceb-a1ab-c4fa726bed2f', 'Embouts blanc 20 µL', 'Consomables', 'boîtes', 10.0),
  ('af4450d1-9806-492a-8920-9b1c17db2de8', 'Tubes stériles 15 mL', 'Consomables', 'pièces', 100.0),
  ('9e6718c2-e455-4454-a0a0-1ae03555b260', 'Tubes stériles 50 mL', 'Consomables', 'pièces', 100.0),
  ('86845f2a-3896-4805-9eec-564fd05b59aa', 'Portoirs (4 tailles)', 'Articles', 'pièces', 0.0),
  ('fab7aa46-57d2-40ed-b394-ff18164149c1', 'Portoirs 80 cryotubes (différentes couleurs)', 'Articles', 'pièces', 0.0),
  ('83302df4-455b-41df-9c26-10976f742d0e', 'Portoirs métalliques pour grands flacons', 'Articles', 'pièces', 0.0),
  ('9df340a7-5994-41b9-9546-414c8bf77b29', 'Portoirs pour Boîtes de Petri', 'Articles', 'pièces', 0.0),
  ('cbd170b5-f7be-4b7d-82f2-730b3b820219', 'Bouteilles autoclavables Durans 250 mL', 'Articles', 'pièces', 0.0),
  ('fe106d41-9f4b-4a52-aa7d-39bb479896fc', 'Bouteilles autoclavables Durans 1000 mL', 'Articles', 'pièces', 0.0),
  ('62469238-8e04-4ef1-8ea5-ed6fbef742fc', 'Blouses de laboratoire', 'EEP', 'pièces', 5.0),
  ('77d41daf-d7c3-4739-bf28-7b472aae8a0e', 'Gants nitrile', 'EEP', 'boîtes', 10.0),
  ('dc2d6199-f832-46ee-8e6f-2ba0ed2e8591', 'Lunettes de sécurité', 'EEP', 'pièces', 5.0),
  ('67795970-b344-432f-bb6b-4b6c4b1fcb5c', 'Gants de congélateur (bleu)', 'EEP', 'paires', 5.0),
  ('e99c2ea1-5420-43d0-87a7-b6a03d85aa13', 'Désinfectant mains', 'EEP', 'bouteilles', 12.0),
  ('f4df2706-84b7-4cd8-a312-60d2bb645c1e', 'Savon liquide', 'EEP', 'bouteilles', 6.0),
  ('4d1c4e19-8e36-49b3-8ce8-c2e6f332413a', 'Cache-nez / masques faciale', 'EEP', 'pièces', 50.0),
  ('10af5241-15c5-449f-bd00-949cc1408c1a', 'Vaccine coolers', 'Transport', 'pièces', 0.0),
  ('f45e3ade-9fd8-42f2-9c3b-933966720582', 'Accumulateurs grand bleu', 'Transport', 'pièces', 0.0),
  ('c0424b56-461f-4bc4-af53-e01c81f4cdda', 'Accumulateurs petits (vaccine coolers)', 'Transport', 'pièces', 0.0),
  ('4876473e-576a-4261-9cb0-083760a25f57', 'Adaptateurs centrifugeuse 5 mL', 'Accessoires de machines', 'pièces', 0.0),
  ('2802b2d6-72b7-4c81-8448-898dfde5a9c4', 'Adaptateurs centrifugeuse 7 mL', 'Accessoires de machines', 'pièces', 0.0),
  ('081546d5-d33b-4f8e-bf70-882d44388fe1', 'Gauntlet d''autoclave (vert)', 'Accessoires de machines', 'pièces', 0.0),
  ('887c8dec-3180-4ade-804e-e2375b876a2c', 'Cuillères', 'Autres articles', 'pièces', 0.0),
  ('ab1a4a37-f47e-4964-9072-031d13d16d3d', 'Sachets blancs autoclavables', 'Autres articles', 'pièces', 0.0),
  ('f1ea976b-89e5-4af2-895c-a0de6ed4c5f8', 'Agrafes / attaches', 'Autres articles', 'boîtes', 0.0),
  ('3f251519-25a3-4b60-8893-9150d78cd2ce', 'Stylos noirs', 'Autres articles', 'pièces', 0.0),
  ('df4ed8ee-1cb7-4ac1-822b-1dccac5e291b', 'Marqueurs / Sharpies', 'Autres articles', 'pièces', 10.0),
  ('8d684647-8313-4fad-b92c-50dbd1b2667f', 'Labels / étiquettes', 'Autres articles', 'rouleaux', 2.0),
  ('6080ffdc-6283-42b7-b73e-1935ef795ad7', 'Papier aluminium', 'Autres articles', 'boîtes', 1.0),
  ('5cb905d4-5096-4785-b2bc-593fe918b864', 'Rouleaux d''ouate', 'Autres articles', 'rouleaux', 2.0),
  ('ed470a6d-83c6-407d-90ad-c2061ff6c679', 'Tubes avec gel séparateur', 'Autres articles', 'pièces', 0.0),
  ('6f8501a2-0bcc-43a2-a2ca-09b629621826', 'Garrots', 'Autres articles', 'pièces', 10.0),
  ('317ff991-b066-455c-9e2d-b899a0671baf', 'Petits sacs phlébotomiste', 'Autres articles', 'pièces', 5.0),
  ('4522aed1-549f-4ff4-9840-ae2c08b58d0b', 'Spatules', 'Autres articles', 'pièces', 2.0),
  ('6b59af9c-11ad-4320-86fb-7bffd7470daf', 'Aiguilles vaccutainer adultes', 'Autres articles', 'pièces', 0.0),
  ('dfb19121-7beb-45a4-9433-cd8e0e53c3cd', 'Bandes adhésives', 'Autres articles', 'paquets', 3.0),
  ('a32acf2f-fc1b-4734-b8e0-fc4225ef852e', 'Alcool désinfectant (lingettes)', 'Autres articles', 'paquets', 5.0),
  ('e8a27317-8cbd-4521-a2fc-a889f9a4d1db', 'Épicrâniens pédiatriques', 'Autres articles', 'pièces', 20.0),
  ('f092909b-3abe-4217-bf6d-b42f28e846e7', 'Briquet', 'Autres articles', 'pièces', 3.0),
  ('08f8d927-9edb-48a9-b7a2-12778aef49d6', 'Poubelle biohazard de terrain', 'Autres articles', 'pièces', 5.0),
  ('1d98a09e-178e-482e-aa27-2756eae41d1a', 'Poires (pour pipettes)', 'Autres articles', 'pièces', 0.0),
  ('2d641e11-8c11-4cd5-ab62-409724b776b5', 'Pinces en plastique', 'Autres articles', 'pièces', 5.0),
  ('66819d37-b21d-4fd4-8eb9-87223dcb7274', 'DPD3', 'Autres articles', 'plaquettes', 10.0),
  ('cd3fd15f-4211-4bfe-9781-b26f7721038d', 'DPD1', 'Autres articles', 'plaquettes', 10.0),
  ('3aecb750-4144-43f9-9750-a53a701d5156', 'PhenolRed', 'Autres articles', 'plaquettes', 0.0),
  ('a642137b-617c-4ec1-a4b1-15db59933748', 'Vaseline', 'Autres articles', 'pièces', 0.0),
  ('0e395d17-618f-4b1f-9b25-41b84a2c4f9c', 'Membranes filtrantes', 'Autres articles', 'pièces', 400.0),
  ('2363edf6-4c8e-4a65-b020-8c3e8ac92645', 'Indicateur d''humidité Whatman', 'Autres articles', 'paquets', 0.0),
  ('5dd6bc41-b643-4358-89a2-718accff47dc', 'Test d''oxydase', 'Autres articles', 'pièces', 20.0),
  ('edf4f352-dd3a-4cef-977a-b6cbe8b468da', 'Antiserum polyvalent', 'Autres articles', 'flacons', 3.0),
  ('29e711ea-bc79-4c9a-bf1a-a39f27d773e4', 'Antiserum Ogawa', 'Autres articles', 'flacons', 3.0),
  ('29907698-dcf1-41a3-9a4d-a491b645fdb6', 'Antiserum Inaba', 'Autres articles', 'flacons', 3.0),
  ('d5fb1d6d-8f26-46c1-bf79-9aa839dd6dbd', 'Lamelles porte-object', 'Autres articles', 'pièces', 50.0),
  ('8948733a-5482-4e18-a92d-ef4dff36a40d', 'Ouates', 'Autres articles', 'rouleaux', 4.0),
  ('7e5a3f79-f1ae-4019-b620-68f80b35ba9b', 'Savon Omo', 'Autres articles', 'kg', 0.5),
  ('4ea3df66-a38c-48ab-ac36-686eaa393e82', 'Bougies', 'Autres articles', 'pièces', 10.0),
  ('29e928b2-2161-43a7-a889-bd3f8f071431', 'Seringues avec aiguille', 'Autres articles', 'boîtes', 50.0),
  ('7d3ad1b0-df2b-4ffb-951e-dd2340c87913', 'Indicateur de stérilisation', 'Autres articles', 'rouleaux', 2.0),
  ('1effb08e-0405-42fa-9ce3-044d6b1a8823', 'Abaisse-langue', 'Autres articles', 'paquets', 2.0);

-- Item sources
insert into item_sources (item_type_id, manufacturer, supplier) values
  ('a6d9b05d-d575-4753-86c9-092f4aad2561', 'Non précisé', 'Oxfam / UNICEF'),
  ('2ff02a66-f0af-4a3e-963e-9ac84c1d1e9d', 'Non précisé', 'Oxfam'),
  ('ff4083d4-5261-4c5d-a1d1-cea84fe8a676', 'Non précisé', 'Oxfam / LSHTM'),
  ('183b4384-0d26-485d-a48e-e5eccfc36fba', 'Non précisé', 'Oxfam'),
  ('633cad5c-aee0-4007-9a06-9c5438fe04b5', 'Non précisé', 'JHU / WHO'),
  ('c789b102-2f50-4cfd-ad82-c85cf4593ce2', 'Non précisé', 'Oxfam'),
  ('0f0c8e3d-b794-4e39-8122-cea536a5d02f', 'Non précisé', 'Oxfam / LSHTM'),
  ('dcb13c4e-e749-43ef-a41c-9e21b34e9ec5', 'Non précisé', 'LSHTM'),
  ('ab2b68a2-7d48-4d38-813e-e05fe08c68e1', 'Non précisé', 'Oxfam'),
  ('4fcc64d4-ac16-493c-82fc-c4e3ac576957', 'Non précisé', 'Oxfam'),
  ('e5068f05-85c4-4143-ac85-6de96df52a31', 'Non précisé', 'Oxfam'),
  ('6512a618-bf8e-4a95-a2f0-b2a228fdbc6c', 'Non précisé', 'Oxfam / LSHTM'),
  ('a7634eef-e3a4-4960-a70b-d2c375302aab', 'Non précisé', 'Oxfam'),
  ('a8af33df-e044-4899-92d2-3add955c6168', 'Non précisé', 'Oxfam'),
  ('d4e16a12-add1-4181-aa8a-ba4183a29661', 'Non précisé', 'Oxfam'),
  ('46c07995-7900-44a3-8a5d-ff0cc70bbe2a', 'Non précisé', 'LSHTM'),
  ('8702322a-f37a-4dab-8a24-666da7f23f4d', 'Non précisé', 'LSHTM'),
  ('37043ece-038c-4633-bf23-794fa17b4607', 'Non précisé', 'LSHTM'),
  ('c3e3ecda-c554-47b1-8e66-680eae5880f5', 'Non précisé', 'LSHTM'),
  ('1486dc69-fdbe-40e5-89b0-9a246ce96c59', 'Non précisé', 'LSHTM'),
  ('96996553-f737-4f3a-b48e-eec319de5dd5', 'Non précisé', 'LSHTM'),
  ('111ed52c-1f67-4660-a374-ca54a8eb146e', 'Non précisé', 'LSHTM'),
  ('9b8d139f-80f6-4a35-9032-006610a4fe86', 'Non précisé', 'LSHTM'),
  ('eaaa6e7f-4976-4895-aa96-d3054206c512', 'Non précisé', 'LSHTM'),
  ('92c5b42a-c274-4f07-ad87-459cc10e10a6', 'Non précisé', 'Local (Uvira)'),
  ('ab1b87f5-93da-466c-99f0-5c80adc8116a', 'Non précisé', 'Local (Uvira)'),
  ('aa29c096-1bbc-49e5-9f84-552528d3c668', 'Non précisé', 'Oxfam / LSHTM'),
  ('87ac7fab-93bf-465f-abba-da8d39a1e20c', 'Non précisé', 'Oxfam / LSHTM'),
  ('16f46281-10fc-4326-a5d1-fa4a511a52a1', 'Non précisé', 'LSHTM'),
  ('37e99c2b-1419-46e9-bb17-14ee055d7380', 'Non précisé', 'LSHTM'),
  ('d3022edc-3c68-4638-a111-0e0e3723a157', 'Non précisé', 'Oxfam / LSHTM'),
  ('c3125884-11cd-44c5-9c6a-7936eeaa0f0f', 'Non précisé', 'Oxfam / LSHTM'),
  ('e380f671-0332-4b71-b73f-5edb7b6677df', 'Non précisé', 'LSHTM'),
  ('72105814-4fae-4cd0-b2b7-6546b733ec6b', 'Non précisé', 'LSHTM'),
  ('9552297f-fafc-4066-b9d8-48a4f774e005', 'Non précisé', 'Local (Uvira) / Oxfam'),
  ('8fc9137a-54b3-46b1-8e02-885f9e37bf91', 'Non précisé', 'LSHTM'),
  ('cac5318c-cd78-41ae-9afc-5d11476f8f1f', 'Non précisé', 'Oxfam'),
  ('059322fa-6619-4b44-90e6-1c9d541578f3', 'Non précisé', 'LSHTM'),
  ('7ebbf7c8-9559-4dca-99b1-11eb0d8a1e5a', 'Non précisé', 'LSHTM'),
  ('35c20964-eb9a-41b7-a6f2-a91611899d3b', 'Non précisé', 'LSHTM'),
  ('bee069f6-0e70-4ea3-a74b-4f5f6132999e', 'Non précisé', 'LSHTM'),
  ('8672358b-e650-4bca-92ec-a8346e532355', 'Non précisé', 'LSHTM'),
  ('257e9fec-69d4-4ceb-a1ab-c4fa726bed2f', 'Non précisé', 'LSHTM'),
  ('af4450d1-9806-492a-8920-9b1c17db2de8', 'Non précisé', 'Oxfam'),
  ('9e6718c2-e455-4454-a0a0-1ae03555b260', 'Non précisé', 'Oxfam / LSHTM'),
  ('86845f2a-3896-4805-9eec-564fd05b59aa', 'Non précisé', 'LSHTM'),
  ('fab7aa46-57d2-40ed-b394-ff18164149c1', 'Non précisé', 'LSHTM'),
  ('83302df4-455b-41df-9c26-10976f742d0e', 'Non précisé', 'LSHTM'),
  ('9df340a7-5994-41b9-9546-414c8bf77b29', 'Non précisé', 'LSHTM'),
  ('cbd170b5-f7be-4b7d-82f2-730b3b820219', 'Non précisé', 'LSHTM'),
  ('fe106d41-9f4b-4a52-aa7d-39bb479896fc', 'Non précisé', 'LSHTM'),
  ('62469238-8e04-4ef1-8ea5-ed6fbef742fc', 'Non précisé', 'Oxfam'),
  ('77d41daf-d7c3-4739-bf28-7b472aae8a0e', 'Non précisé', 'Oxfam'),
  ('dc2d6199-f832-46ee-8e6f-2ba0ed2e8591', 'Non précisé', 'LSHTM'),
  ('67795970-b344-432f-bb6b-4b6c4b1fcb5c', 'Non précisé', 'LSHTM'),
  ('e99c2ea1-5420-43d0-87a7-b6a03d85aa13', 'Non précisé', 'Oxfam'),
  ('f4df2706-84b7-4cd8-a312-60d2bb645c1e', 'Non précisé', 'Oxfam'),
  ('4d1c4e19-8e36-49b3-8ce8-c2e6f332413a', 'Non précisé', 'Oxfam'),
  ('10af5241-15c5-449f-bd00-949cc1408c1a', 'Non précisé', 'LSHTM'),
  ('f45e3ade-9fd8-42f2-9c3b-933966720582', 'Non précisé', 'LSHTM'),
  ('c0424b56-461f-4bc4-af53-e01c81f4cdda', 'Non précisé', 'LSHTM'),
  ('4876473e-576a-4261-9cb0-083760a25f57', 'Non précisé', 'LSHTM'),
  ('2802b2d6-72b7-4c81-8448-898dfde5a9c4', 'Non précisé', 'LSHTM'),
  ('081546d5-d33b-4f8e-bf70-882d44388fe1', 'Non précisé', 'LSHTM'),
  ('887c8dec-3180-4ade-804e-e2375b876a2c', 'Non précisé', 'LSHTM'),
  ('ab1a4a37-f47e-4964-9072-031d13d16d3d', 'Non précisé', 'LSHTM'),
  ('f1ea976b-89e5-4af2-895c-a0de6ed4c5f8', 'Non précisé', 'Oxfam'),
  ('3f251519-25a3-4b60-8893-9150d78cd2ce', 'Non précisé', 'Oxfam'),
  ('df4ed8ee-1cb7-4ac1-822b-1dccac5e291b', 'Non précisé', 'Oxfam / LSHTM'),
  ('8d684647-8313-4fad-b92c-50dbd1b2667f', 'Non précisé', 'LSHTM'),
  ('6080ffdc-6283-42b7-b73e-1935ef795ad7', 'Non précisé', 'Oxfam'),
  ('5cb905d4-5096-4785-b2bc-593fe918b864', 'Non précisé', 'Oxfam'),
  ('ed470a6d-83c6-407d-90ad-c2061ff6c679', 'Non précisé', 'Oxfam'),
  ('6f8501a2-0bcc-43a2-a2ca-09b629621826', 'Non précisé', 'Oxfam'),
  ('317ff991-b066-455c-9e2d-b899a0671baf', 'Non précisé', 'Oxfam / JHU'),
  ('4522aed1-549f-4ff4-9840-ae2c08b58d0b', 'Non précisé', 'Oxfam'),
  ('6b59af9c-11ad-4320-86fb-7bffd7470daf', 'Non précisé', 'Oxfam / JHU'),
  ('dfb19121-7beb-45a4-9433-cd8e0e53c3cd', 'Non précisé', 'Oxfam'),
  ('a32acf2f-fc1b-4734-b8e0-fc4225ef852e', 'Non précisé', 'Oxfam'),
  ('e8a27317-8cbd-4521-a2fc-a889f9a4d1db', 'Non précisé', 'JHU'),
  ('f092909b-3abe-4217-bf6d-b42f28e846e7', 'Non précisé', 'Oxfam'),
  ('08f8d927-9edb-48a9-b7a2-12778aef49d6', 'Non précisé', 'LSHTM'),
  ('1d98a09e-178e-482e-aa27-2756eae41d1a', 'Non précisé', 'LSHTM'),
  ('2d641e11-8c11-4cd5-ab62-409724b776b5', 'Non précisé', 'LSHTM'),
  ('66819d37-b21d-4fd4-8eb9-87223dcb7274', 'Non précisé', 'LSHTM'),
  ('cd3fd15f-4211-4bfe-9781-b26f7721038d', 'Non précisé', 'LSHTM'),
  ('3aecb750-4144-43f9-9750-a53a701d5156', 'Non précisé', 'LSHTM'),
  ('a642137b-617c-4ec1-a4b1-15db59933748', 'Non précisé', 'Local'),
  ('0e395d17-618f-4b1f-9b25-41b84a2c4f9c', 'Non précisé', 'LSHTM'),
  ('2363edf6-4c8e-4a65-b020-8c3e8ac92645', 'Non précisé', 'LSHTM'),
  ('5dd6bc41-b643-4358-89a2-718accff47dc', 'Non précisé', 'LSHTM'),
  ('edf4f352-dd3a-4cef-977a-b6cbe8b468da', 'Non précisé', 'LSHTM'),
  ('29e711ea-bc79-4c9a-bf1a-a39f27d773e4', 'Non précisé', 'LSHTM'),
  ('29907698-dcf1-41a3-9a4d-a491b645fdb6', 'Non précisé', 'LSHTM'),
  ('d5fb1d6d-8f26-46c1-bf79-9aa839dd6dbd', 'Non précisé', 'Local / Oxfam'),
  ('8948733a-5482-4e18-a92d-ef4dff36a40d', 'Non précisé', 'Oxfam'),
  ('7e5a3f79-f1ae-4019-b620-68f80b35ba9b', 'Non précisé', 'Oxfam'),
  ('4ea3df66-a38c-48ab-ac36-686eaa393e82', 'Non précisé', 'Oxfam'),
  ('29e928b2-2161-43a7-a889-bd3f8f071431', 'Non précisé', 'Oxfam'),
  ('7d3ad1b0-df2b-4ffb-951e-dd2340c87913', 'Non précisé', 'Oxfam'),
  ('1effb08e-0405-42fa-9ce3-044d6b1a8823', 'Non précisé', 'Local');

-- Initial stock counts
insert into stock_counts (item_type_id, quantity, counted_at, counted_by, notes) values
  ('a6d9b05d-d575-4753-86c9-092f4aad2561', 7300.0, '2026-05-21', 'Andrew Azman', 'Comptage initial mai 2026'),
  ('2ff02a66-f0af-4a3e-963e-9ac84c1d1e9d', 54.0, '2026-05-21', 'Andrew Azman', 'Comptage initial mai 2026'),
  ('ff4083d4-5261-4c5d-a1d1-cea84fe8a676', 2000.0, '2026-05-21', 'Andrew Azman', 'Comptage initial mai 2026'),
  ('183b4384-0d26-485d-a48e-e5eccfc36fba', 6250.0, '2026-05-21', 'Andrew Azman', 'Comptage initial mai 2026'),
  ('633cad5c-aee0-4007-9a06-9c5438fe04b5', 650.0, '2026-05-21', 'Andrew Azman', 'Comptage initial mai 2026'),
  ('c789b102-2f50-4cfd-ad82-c85cf4593ce2', 1200.0, '2026-05-21', 'Andrew Azman', 'Comptage initial mai 2026'),
  ('0f0c8e3d-b794-4e39-8122-cea536a5d02f', 5800.0, '2026-05-21', 'Andrew Azman', 'Comptage initial mai 2026'),
  ('dcb13c4e-e749-43ef-a41c-9e21b34e9ec5', 0.0, '2026-05-21', 'Andrew Azman', 'Comptage initial mai 2026'),
  ('e5068f05-85c4-4143-ac85-6de96df52a31', 475.0, '2026-05-21', 'Andrew Azman', 'Comptage initial mai 2026'),
  ('6512a618-bf8e-4a95-a2f0-b2a228fdbc6c', 2150.0, '2026-05-21', 'Andrew Azman', 'Comptage initial mai 2026'),
  ('a7634eef-e3a4-4960-a70b-d2c375302aab', 34.0, '2026-05-21', 'Andrew Azman', 'Comptage initial mai 2026'),
  ('a8af33df-e044-4899-92d2-3add955c6168', 1680.0, '2026-05-21', 'Andrew Azman', 'Comptage initial mai 2026'),
  ('d4e16a12-add1-4181-aa8a-ba4183a29661', 1460.0, '2026-05-21', 'Andrew Azman', 'Comptage initial mai 2026'),
  ('46c07995-7900-44a3-8a5d-ff0cc70bbe2a', 1250.0, '2026-05-21', 'Andrew Azman', 'Comptage initial mai 2026'),
  ('8702322a-f37a-4dab-8a24-666da7f23f4d', 6.0, '2026-05-21', 'Andrew Azman', 'Comptage initial mai 2026'),
  ('37043ece-038c-4633-bf23-794fa17b4607', 1.0, '2026-05-21', 'Andrew Azman', 'Comptage initial mai 2026'),
  ('c3e3ecda-c554-47b1-8e66-680eae5880f5', 4.0, '2026-05-21', 'Andrew Azman', 'Comptage initial mai 2026'),
  ('1486dc69-fdbe-40e5-89b0-9a246ce96c59', 5.0, '2026-05-21', 'Andrew Azman', 'Comptage initial mai 2026'),
  ('96996553-f737-4f3a-b48e-eec319de5dd5', 3.0, '2026-05-21', 'Andrew Azman', 'Comptage initial mai 2026'),
  ('111ed52c-1f67-4660-a374-ca54a8eb146e', 1.0, '2026-05-21', 'Andrew Azman', 'Comptage initial mai 2026'),
  ('9b8d139f-80f6-4a35-9032-006610a4fe86', 0.0, '2026-05-21', 'Andrew Azman', 'Comptage initial mai 2026'),
  ('eaaa6e7f-4976-4895-aa96-d3054206c512', 5.0, '2026-05-21', 'Andrew Azman', 'Comptage initial mai 2026'),
  ('ab1b87f5-93da-466c-99f0-5c80adc8116a', 7.0, '2026-05-21', 'Andrew Azman', 'Comptage initial mai 2026'),
  ('ad4b072d-3708-4160-994e-dd255c08893e', 1.0, '2026-05-21', 'Andrew Azman', 'Comptage initial mai 2026'),
  ('f05bab69-5c4b-499a-9d93-fa522d1e7765', 220.0, '2026-05-21', 'Andrew Azman', 'Comptage initial mai 2026'),
  ('87ac7fab-93bf-465f-abba-da8d39a1e20c', 170.0, '2026-05-21', 'Andrew Azman', 'Comptage initial mai 2026'),
  ('16f46281-10fc-4326-a5d1-fa4a511a52a1', 0.0, '2026-05-21', 'Andrew Azman', 'Comptage initial mai 2026'),
  ('d3022edc-3c68-4638-a111-0e0e3723a157', 0.0, '2026-05-21', 'Andrew Azman', 'Comptage initial mai 2026'),
  ('e380f671-0332-4b71-b73f-5edb7b6677df', 396.0, '2026-05-21', 'Andrew Azman', 'Comptage initial mai 2026'),
  ('72105814-4fae-4cd0-b2b7-6546b733ec6b', 230.0, '2026-05-21', 'Andrew Azman', 'Comptage initial mai 2026'),
  ('9552297f-fafc-4066-b9d8-48a4f774e005', 2.0, '2026-05-21', 'Andrew Azman', 'Comptage initial mai 2026'),
  ('214d0882-73df-409c-abe2-c325908aafc3', 512.0, '2026-05-21', 'Andrew Azman', 'Comptage initial mai 2026'),
  ('8fc9137a-54b3-46b1-8e02-885f9e37bf91', 300.0, '2026-05-21', 'Andrew Azman', 'Comptage initial mai 2026'),
  ('cac5318c-cd78-41ae-9afc-5d11476f8f1f', 20.0, '2026-05-21', 'Andrew Azman', 'Comptage initial mai 2026'),
  ('059322fa-6619-4b44-90e6-1c9d541578f3', 4420.0, '2026-05-21', 'Andrew Azman', 'Comptage initial mai 2026'),
  ('bee069f6-0e70-4ea3-a74b-4f5f6132999e', 12.0, '2026-05-21', 'Andrew Azman', 'Comptage initial mai 2026'),
  ('8672358b-e650-4bca-92ec-a8346e532355', 20.0, '2026-05-21', 'Andrew Azman', 'Comptage initial mai 2026'),
  ('257e9fec-69d4-4ceb-a1ab-c4fa726bed2f', 36.0, '2026-05-21', 'Andrew Azman', 'Comptage initial mai 2026'),
  ('af4450d1-9806-492a-8920-9b1c17db2de8', 50.0, '2026-05-21', 'Andrew Azman', 'Comptage initial mai 2026'),
  ('9e6718c2-e455-4454-a0a0-1ae03555b260', 20.0, '2026-05-21', 'Andrew Azman', 'Comptage initial mai 2026'),
  ('86845f2a-3896-4805-9eec-564fd05b59aa', 4.0, '2026-05-21', 'Andrew Azman', 'Comptage initial mai 2026'),
  ('fab7aa46-57d2-40ed-b394-ff18164149c1', 4.0, '2026-05-21', 'Andrew Azman', 'Comptage initial mai 2026'),
  ('83302df4-455b-41df-9c26-10976f742d0e', 2.0, '2026-05-21', 'Andrew Azman', 'Comptage initial mai 2026'),
  ('9df340a7-5994-41b9-9546-414c8bf77b29', 2.0, '2026-05-21', 'Andrew Azman', 'Comptage initial mai 2026'),
  ('cbd170b5-f7be-4b7d-82f2-730b3b820219', 4.0, '2026-05-21', 'Andrew Azman', 'Comptage initial mai 2026'),
  ('fe106d41-9f4b-4a52-aa7d-39bb479896fc', 4.0, '2026-05-21', 'Andrew Azman', 'Comptage initial mai 2026'),
  ('62469238-8e04-4ef1-8ea5-ed6fbef742fc', 5.0, '2026-05-21', 'Andrew Azman', 'Comptage initial mai 2026'),
  ('77d41daf-d7c3-4739-bf28-7b472aae8a0e', 10.0, '2026-05-21', 'Andrew Azman', 'Comptage initial mai 2026'),
  ('dc2d6199-f832-46ee-8e6f-2ba0ed2e8591', 5.0, '2026-05-21', 'Andrew Azman', 'Comptage initial mai 2026'),
  ('67795970-b344-432f-bb6b-4b6c4b1fcb5c', 5.0, '2026-05-21', 'Andrew Azman', 'Comptage initial mai 2026'),
  ('e99c2ea1-5420-43d0-87a7-b6a03d85aa13', 34.0, '2026-05-21', 'Andrew Azman', 'Comptage initial mai 2026'),
  ('f4df2706-84b7-4cd8-a312-60d2bb645c1e', 40.0, '2026-05-21', 'Andrew Azman', 'Comptage initial mai 2026'),
  ('4d1c4e19-8e36-49b3-8ce8-c2e6f332413a', 200.0, '2026-05-21', 'Andrew Azman', 'Comptage initial mai 2026'),
  ('10af5241-15c5-449f-bd00-949cc1408c1a', 4.0, '2026-05-21', 'Andrew Azman', 'Comptage initial mai 2026'),
  ('f45e3ade-9fd8-42f2-9c3b-933966720582', 0.0, '2026-05-21', 'Andrew Azman', 'Comptage initial mai 2026'),
  ('c0424b56-461f-4bc4-af53-e01c81f4cdda', 0.0, '2026-05-21', 'Andrew Azman', 'Comptage initial mai 2026'),
  ('4876473e-576a-4261-9cb0-083760a25f57', 24.0, '2026-05-21', 'Andrew Azman', 'Comptage initial mai 2026'),
  ('081546d5-d33b-4f8e-bf70-882d44388fe1', 2.0, '2026-05-21', 'Andrew Azman', 'Comptage initial mai 2026'),
  ('887c8dec-3180-4ade-804e-e2375b876a2c', 3.0, '2026-05-21', 'Andrew Azman', 'Comptage initial mai 2026'),
  ('ab1a4a37-f47e-4964-9072-031d13d16d3d', 0.0, '2026-05-21', 'Andrew Azman', 'Comptage initial mai 2026'),
  ('f1ea976b-89e5-4af2-895c-a0de6ed4c5f8', 0.0, '2026-05-21', 'Andrew Azman', 'Comptage initial mai 2026'),
  ('3f251519-25a3-4b60-8893-9150d78cd2ce', 0.0, '2026-05-21', 'Andrew Azman', 'Comptage initial mai 2026'),
  ('df4ed8ee-1cb7-4ac1-822b-1dccac5e291b', 40.0, '2026-05-21', 'Andrew Azman', 'Comptage initial mai 2026'),
  ('8d684647-8313-4fad-b92c-50dbd1b2667f', 7.0, '2026-05-21', 'Andrew Azman', 'Comptage initial mai 2026'),
  ('6080ffdc-6283-42b7-b73e-1935ef795ad7', 2.0, '2026-05-21', 'Andrew Azman', 'Comptage initial mai 2026'),
  ('5cb905d4-5096-4785-b2bc-593fe918b864', 0.0, '2026-05-21', 'Andrew Azman', 'Comptage initial mai 2026'),
  ('ed470a6d-83c6-407d-90ad-c2061ff6c679', 0.0, '2026-05-21', 'Andrew Azman', 'Comptage initial mai 2026'),
  ('6f8501a2-0bcc-43a2-a2ca-09b629621826', 14.0, '2026-05-21', 'Andrew Azman', 'Comptage initial mai 2026'),
  ('317ff991-b066-455c-9e2d-b899a0671baf', 6.0, '2026-05-21', 'Andrew Azman', 'Comptage initial mai 2026'),
  ('4522aed1-549f-4ff4-9840-ae2c08b58d0b', 4.0, '2026-05-21', 'Andrew Azman', 'Comptage initial mai 2026'),
  ('6b59af9c-11ad-4320-86fb-7bffd7470daf', 0.0, '2026-05-21', 'Andrew Azman', 'Comptage initial mai 2026'),
  ('dfb19121-7beb-45a4-9433-cd8e0e53c3cd', 0.0, '2026-05-21', 'Andrew Azman', 'Comptage initial mai 2026'),
  ('a32acf2f-fc1b-4734-b8e0-fc4225ef852e', 0.0, '2026-05-21', 'Andrew Azman', 'Comptage initial mai 2026'),
  ('e8a27317-8cbd-4521-a2fc-a889f9a4d1db', 0.0, '2026-05-21', 'Andrew Azman', 'Comptage initial mai 2026'),
  ('f092909b-3abe-4217-bf6d-b42f28e846e7', 3.0, '2026-05-21', 'Andrew Azman', 'Comptage initial mai 2026'),
  ('08f8d927-9edb-48a9-b7a2-12778aef49d6', 30.0, '2026-05-21', 'Andrew Azman', 'Comptage initial mai 2026'),
  ('1d98a09e-178e-482e-aa27-2756eae41d1a', 5.0, '2026-05-21', 'Andrew Azman', 'Comptage initial mai 2026'),
  ('2d641e11-8c11-4cd5-ab62-409724b776b5', 15.0, '2026-05-21', 'Andrew Azman', 'Comptage initial mai 2026'),
  ('a642137b-617c-4ec1-a4b1-15db59933748', 1.0, '2026-05-21', 'Andrew Azman', 'Comptage initial mai 2026'),
  ('0e395d17-618f-4b1f-9b25-41b84a2c4f9c', 1810.0, '2026-05-21', 'Andrew Azman', 'Comptage initial mai 2026'),
  ('2363edf6-4c8e-4a65-b020-8c3e8ac92645', 0.0, '2026-05-21', 'Andrew Azman', 'Comptage initial mai 2026'),
  ('5dd6bc41-b643-4358-89a2-718accff47dc', 18.0, '2026-05-21', 'Andrew Azman', 'Comptage initial mai 2026'),
  ('edf4f352-dd3a-4cef-977a-b6cbe8b468da', 5.0, '2026-05-21', 'Andrew Azman', 'Comptage initial mai 2026'),
  ('29e711ea-bc79-4c9a-bf1a-a39f27d773e4', 5.0, '2026-05-21', 'Andrew Azman', 'Comptage initial mai 2026'),
  ('29907698-dcf1-41a3-9a4d-a491b645fdb6', 5.0, '2026-05-21', 'Andrew Azman', 'Comptage initial mai 2026'),
  ('7e5a3f79-f1ae-4019-b620-68f80b35ba9b', 2.0, '2026-05-21', 'Andrew Azman', 'Comptage initial mai 2026'),
  ('29e928b2-2161-43a7-a889-bd3f8f071431', 200.0, '2026-05-21', 'Andrew Azman', 'Comptage initial mai 2026');

notify pgrst, 'reload schema';